{"v":"5.7.4","fr":60,"ip":0,"op":210,"w":500,"h":199,"nm":"Comp 1","ddd":0,"assets":[],"fonts":{"list":[{"fName":"JosefinSans-Regular","fFamily":"Josefin Sans","fStyle":"Regular","ascent":77.4993896484375}]},"layers":[{"ddd":0,"ind":1,"ty":4,"nm":"Ã£ÂÂ°Ã£ÂÂ«Ã£ÂÂ¼Ã£ÂÂ 2","hd":true,"sr":1,"ks":{"o":{"a":0,"k":100,"ix":11},"r":{"a":0,"k":0,"ix":10},"p":{"a":0,"k":[250,99.5,0],"ix":2,"l":2},"a":{"a":0,"k":[0,0,0],"ix":1,"l":2},"s":{"a":0,"k":[100,100,100],"ix":6,"l":2}},"ao":0,"shapes":[{"ty":"rc","d":1,"s":{"a":0,"k":[198,79],"ix":2},"p":{"a":0,"k":[0,0],"ix":3},"r":{"a":0,"k":0,"ix":4},"nm":"Ã©ÂÂ·Ã¦ÂÂ¹Ã¥Â½Â¢Ã£ÂÂÃ£ÂÂ¹ 1","mn":"ADBE Vector Shape - Rect","hd":false}],"ip":0,"op":3600,"st":0,"bm":0},{"ddd":0,"ind":2,"ty":5,"nm":"Loading","parent":1,"sr":1,"ks":{"o":{"a":0,"k":100,"ix":11},"r":{"a":0,"k":0,"ix":10},"p":{"a":0,"k":[-48,32.5,0],"ix":2,"l":2},"a":{"a":0,"k":[0,0,0],"ix":1,"l":2},"s":{"a":0,"k":[100,100,100],"ix":6,"l":2}},"ao":0,"t":{"d":{"k":[{"s":{"s":28,"f":"JosefinSans-Regular","t":"Loading","j":0,"tr":0,"lh":33.6,"ls":0,"fc":[0.44,0.44,0.44,1]},"t":0}]},"p":{},"m":{"g":1,"a":{"a":0,"k":[0,0],"ix":2}},"a":[{"nm":"Animators","s":{"t":0,"xe":{"k":0},"ne":{"k":0},"a":{"k":100},"b":1,"sh":0,"s":{"k":0},"e":{"k":100},"o":{"k":0}},"a":{"fo":{"a":0,"k":100,"ix":10},"so":{"a":0,"k":100,"ix":11}}}]},"ip":0,"op":3600,"st":0,"bm":0},{"ddd":0,"ind":3,"ty":4,"nm":"Ã£ÂÂ°Ã£ÂÂ«Ã£ÂÂ¼Ã£ÂÂ 1","parent":1,"hd":true,"sr":1,"ks":{"o":{"a":0,"k":100,"ix":11},"r":{"a":0,"k":0,"ix":10},"p":{"a":0,"k":[0,-29.5,0],"ix":2,"l":2},"a":{"a":0,"k":[0,0,0],"ix":1,"l":2},"s":{"a":0,"k":[100,100,100],"ix":6,"l":2}},"ao":0,"shapes":[{"ty":"rc","d":1,"s":{"a":0,"k":[198,20],"ix":2},"p":{"a":0,"k":[0,0],"ix":3},"r":{"a":0,"k":0,"ix":4},"nm":"Ã©ÂÂ·Ã¦ÂÂ¹Ã¥Â½Â¢Ã£ÂÂÃ£ÂÂ¹ 1","mn":"ADBE Vector Shape - Rect","hd":false}],"ip":0,"op":3600,"st":0,"bm":0},{"ddd":0,"ind":4,"ty":4,"nm":"Ã¦Â¥ÂÃ¥ÂÂÃ¥Â½Â¢ Ã¥ÂÂ³","parent":3,"sr":1,"ks":{"o":{"a":0,"k":100,"ix":11},"r":{"a":1,"k":[{"i":{"x":[0.833],"y":[0.833]},"o":{"x":[0.167],"y":[0.167]},"t":30,"s":[-0.902]},{"i":{"x":[0.833],"y":[0.833]},"o":{"x":[0.167],"y":[0.167]},"t":60,"s":[-179.31]},{"i":{"x":[0.833],"y":[0.833]},"o":{"x":[0.167],"y":[0.167]},"t":100,"s":[-179.31]},{"t":130,"s":[0]}],"ix":10},"p":{"a":0,"k":[115.5,-0.5,0],"ix":2,"l":2},"a":{"a":0,"k":[26.501,0.151,0],"ix":1,"l":2},"s":{"a":0,"k":[100,100,100],"ix":6,"l":2}},"ao":0,"shapes":[{"ty":"gr","it":[{"d":1,"ty":"el","s":{"a":0,"k":[20,20],"ix":2},"p":{"a":0,"k":[0,0],"ix":3},"nm":"Ã¦Â¥ÂÃ¥ÂÂÃ¥Â½Â¢Ã£ÂÂÃ£ÂÂ¹ 1","mn":"ADBE Vector Shape - Ellipse","hd":false},{"ty":"st","c":{"a":0,"k":[1,0.5569,0.2275,1],"ix":3},"o":{"a":0,"k":100,"ix":4},"w":{"a":0,"k":1,"ix":5},"lc":1,"lj":1,"ml":4,"bm":0,"nm":"Ã§Â·Â 1","mn":"ADBE Vector Graphic - Stroke","hd":true},{"ty":"op","nm":"Ã£ÂÂÃ£ÂÂ¹Ã£ÂÂ®Ã£ÂÂªÃ£ÂÂÃ£ÂÂ»Ã£ÂÂÃ£ÂÂ 1","a":{"a":0,"k":-0.5,"ix":1},"lj":1,"ml":{"a":0,"k":4,"ix":3},"ix":3,"mn":"ADBE Vector Filter - Offset","hd":false},{"ty":"tr","p":{"a":0,"k":[0,0],"ix":2},"a":{"a":0,"k":[0,0],"ix":1},"s":{"a":0,"k":[100,100],"ix":3},"r":{"a":0,"k":0,"ix":6},"o":{"a":0,"k":100,"ix":7},"sk":{"a":0,"k":0,"ix":4},"sa":{"a":0,"k":0,"ix":5},"nm":"Ã£ÂÂÃ£ÂÂ©Ã£ÂÂ³Ã£ÂÂ¹Ã£ÂÂÃ£ÂÂ©Ã£ÂÂ¼Ã£ÂÂ "}],"nm":"Ã¦Â¥ÂÃ¥ÂÂÃ¥Â½Â¢ 1 Stroke","np":3,"cix":2,"bm":0,"ix":1,"mn":"ADBE Vector Group","hd":false},{"ty":"gr","it":[{"d":1,"ty":"el","s":{"a":0,"k":[20,20],"ix":2},"p":{"a":0,"k":[0,0],"ix":3},"nm":"Ã¦Â¥ÂÃ¥ÂÂÃ¥Â½Â¢Ã£ÂÂÃ£ÂÂ¹ 1","mn":"ADBE Vector Shape - Ellipse","hd":false},{"ty":"fl","c":{"a":0,"k":[1,0.4431,0,1],"ix":4},"o":{"a":0,"k":100,"ix":5},"r":1,"bm":0,"nm":"Ã¥Â¡ÂÃ£ÂÂ 1","mn":"ADBE Vector Graphic - Fill","hd":false},{"ty":"tr","p":{"a":0,"k":[0,0],"ix":2},"a":{"a":0,"k":[0,0],"ix":1},"s":{"a":0,"k":[100,100],"ix":3},"r":{"a":0,"k":0,"ix":6},"o":{"a":0,"k":100,"ix":7},"sk":{"a":0,"k":0,"ix":4},"sa":{"a":0,"k":0,"ix":5},"nm":"Ã£ÂÂÃ£ÂÂ©Ã£ÂÂ³Ã£ÂÂ¹Ã£ÂÂÃ£ÂÂ©Ã£ÂÂ¼Ã£ÂÂ "}],"nm":"Ã¦Â¥ÂÃ¥ÂÂÃ¥Â½Â¢ 1 Fill","np":2,"cix":2,"bm":0,"ix":2,"mn":"ADBE Vector Group","hd":false}],"ip":0,"op":3600,"st":0,"bm":0},{"ddd":0,"ind":5,"ty":4,"nm":"Ã¦Â¥ÂÃ¥ÂÂÃ¥Â½Â¢ Ã¥ÂÂ³2","parent":3,"sr":1,"ks":{"o":{"a":0,"k":100,"ix":11},"r":{"a":1,"k":[{"i":{"x":[0.833],"y":[0.833]},"o":{"x":[0.167],"y":[0.167]},"t":35,"s":[0]},{"i":{"x":[0.833],"y":[0.833]},"o":{"x":[0.167],"y":[0.167]},"t":65,"s":[-180]},{"i":{"x":[0.833],"y":[0.833]},"o":{"x":[0.167],"y":[0.167]},"t":106,"s":[-180]},{"t":135,"s":[0]}],"ix":10},"p":{"a":0,"k":[1.5,1,0],"ix":2,"l":2},"a":{"a":0,"k":[-43.5,1,0],"ix":1,"l":2},"s":{"a":0,"k":[100,100,100],"ix":6,"l":2}},"ao":0,"shapes":[{"ty":"gr","it":[{"d":1,"ty":"el","s":{"a":0,"k":[20,20],"ix":2},"p":{"a":0,"k":[0,0],"ix":3},"nm":"Ã¦Â¥ÂÃ¥ÂÂÃ¥Â½Â¢Ã£ÂÂÃ£ÂÂ¹ 1","mn":"ADBE Vector Shape - Ellipse","hd":false},{"ty":"st","c":{"a":0,"k":[1,0.5569,0.2275,1],"ix":3},"o":{"a":0,"k":100,"ix":4},"w":{"a":0,"k":1,"ix":5},"lc":1,"lj":1,"ml":4,"bm":0,"nm":"Ã§Â·Â 1","mn":"ADBE Vector Graphic - Stroke","hd":true},{"ty":"op","nm":"Ã£ÂÂÃ£ÂÂ¹Ã£ÂÂ®Ã£ÂÂªÃ£ÂÂÃ£ÂÂ»Ã£ÂÂÃ£ÂÂ 1","a":{"a":0,"k":-0.5,"ix":1},"lj":1,"ml":{"a":0,"k":4,"ix":3},"ix":3,"mn":"ADBE Vector Filter - Offset","hd":false},{"ty":"tr","p":{"a":0,"k":[0,0],"ix":2},"a":{"a":0,"k":[0,0],"ix":1},"s":{"a":0,"k":[100,100],"ix":3},"r":{"a":0,"k":0,"ix":6},"o":{"a":0,"k":100,"ix":7},"sk":{"a":0,"k":0,"ix":4},"sa":{"a":0,"k":0,"ix":5},"nm":"Ã£ÂÂÃ£ÂÂ©Ã£ÂÂ³Ã£ÂÂ¹Ã£ÂÂÃ£ÂÂ©Ã£ÂÂ¼Ã£ÂÂ "}],"nm":"Ã¦Â¥ÂÃ¥ÂÂÃ¥Â½Â¢ 1 Stroke","np":3,"cix":2,"bm":0,"ix":1,"mn":"ADBE Vector Group","hd":false},{"ty":"gr","it":[{"d":1,"ty":"el","s":{"a":0,"k":[20,20],"ix":2},"p":{"a":0,"k":[0,0],"ix":3},"nm":"Ã¦Â¥ÂÃ¥ÂÂÃ¥Â½Â¢Ã£ÂÂÃ£ÂÂ¹ 1","mn":"ADBE Vector Shape - Ellipse","hd":false},{"ty":"fl","c":{"a":0,"k":[1,0.4431,0,1],"ix":4},"o":{"a":0,"k":100,"ix":5},"r":1,"bm":0,"nm":"Ã¥Â¡ÂÃ£ÂÂ 1","mn":"ADBE Vector Graphic - Fill","hd":false},{"ty":"tr","p":{"a":0,"k":[0,0],"ix":2},"a":{"a":0,"k":[0,0],"ix":1},"s":{"a":0,"k":[100,100],"ix":3},"r":{"a":0,"k":0,"ix":6},"o":{"a":0,"k":100,"ix":7},"sk":{"a":0,"k":0,"ix":4},"sa":{"a":0,"k":0,"ix":5},"nm":"Ã£ÂÂÃ£ÂÂ©Ã£ÂÂ³Ã£ÂÂ¹Ã£ÂÂÃ£ÂÂ©Ã£ÂÂ¼Ã£ÂÂ "}],"nm":"Ã¦Â¥ÂÃ¥ÂÂÃ¥Â½Â¢ 1 Fill","np":2,"cix":2,"bm":0,"ix":2,"mn":"ADBE Vector Group","hd":false}],"ip":0,"op":3600,"st":0,"bm":0},{"ddd":0,"ind":6,"ty":4,"nm":"Ã¦Â¥ÂÃ¥ÂÂÃ¥Â½Â¢ Ã¤Â¸Â­Ã¥Â¤Â®","parent":3,"sr":1,"ks":{"o":{"a":0,"k":100,"ix":11},"r":{"a":1,"k":[{"i":{"x":[0.833],"y":[0.833]},"o":{"x":[0.167],"y":[0.167]},"t":45,"s":[0]},{"i":{"x":[0.833],"y":[0.833]},"o":{"x":[0.167],"y":[0.167]},"t":75,"s":[180]},{"i":{"x":[0.833],"y":[0.833]},"o":{"x":[0.167],"y":[0.167]},"t":110,"s":[180]},{"t":140,"s":[0]}],"ix":10},"p":{"a":0,"k":[45,0,0],"ix":2,"l":2},"a":{"a":0,"k":[45,0,0],"ix":1,"l":2},"s":{"a":0,"k":[100,100,100],"ix":6,"l":2}},"ao":0,"shapes":[{"ty":"gr","it":[{"d":1,"ty":"el","s":{"a":0,"k":[20,20],"ix":2},"p":{"a":0,"k":[0,0],"ix":3},"nm":"Ã¦Â¥ÂÃ¥ÂÂÃ¥Â½Â¢Ã£ÂÂÃ£ÂÂ¹ 1","mn":"ADBE Vector Shape - Ellipse","hd":false},{"ty":"st","c":{"a":0,"k":[1,0.5569,0.2275,1],"ix":3},"o":{"a":0,"k":100,"ix":4},"w":{"a":0,"k":1,"ix":5},"lc":1,"lj":1,"ml":4,"bm":0,"nm":"Ã§Â·Â 1","mn":"ADBE Vector Graphic - Stroke","hd":true},{"ty":"op","nm":"Ã£ÂÂÃ£ÂÂ¹Ã£ÂÂ®Ã£ÂÂªÃ£ÂÂÃ£ÂÂ»Ã£ÂÂÃ£ÂÂ 1","a":{"a":0,"k":-0.5,"ix":1},"lj":1,"ml":{"a":0,"k":4,"ix":3},"ix":3,"mn":"ADBE Vector Filter - Offset","hd":false},{"ty":"tr","p":{"a":0,"k":[0,0],"ix":2},"a":{"a":0,"k":[0,0],"ix":1},"s":{"a":0,"k":[100,100],"ix":3},"r":{"a":0,"k":0,"ix":6},"o":{"a":0,"k":100,"ix":7},"sk":{"a":0,"k":0,"ix":4},"sa":{"a":0,"k":0,"ix":5},"nm":"Ã£ÂÂÃ£ÂÂ©Ã£ÂÂ³Ã£ÂÂ¹Ã£ÂÂÃ£ÂÂ©Ã£ÂÂ¼Ã£ÂÂ "}],"nm":"Ã¦Â¥ÂÃ¥ÂÂÃ¥Â½Â¢ 1 Stroke","np":3,"cix":2,"bm":0,"ix":1,"mn":"ADBE Vector Group","hd":false},{"ty":"gr","it":[{"d":1,"ty":"el","s":{"a":0,"k":[20,20],"ix":2},"p":{"a":0,"k":[0,0],"ix":3},"nm":"Ã¦Â¥ÂÃ¥ÂÂÃ¥Â½Â¢Ã£ÂÂÃ£ÂÂ¹ 1","mn":"ADBE Vector Shape - Ellipse","hd":false},{"ty":"fl","c":{"a":0,"k":[1,0.4431,0,1],"ix":4},"o":{"a":0,"k":100,"ix":5},"r":1,"bm":0,"nm":"Ã¥Â¡ÂÃ£ÂÂ 1","mn":"ADBE Vector Graphic - Fill","hd":false},{"ty":"tr","p":{"a":0,"k":[0,0],"ix":2},"a":{"a":0,"k":[0,0],"ix":1},"s":{"a":0,"k":[100,100],"ix":3},"r":{"a":0,"k":0,"ix":6},"o":{"a":0,"k":100,"ix":7},"sk":{"a":0,"k":0,"ix":4},"sa":{"a":0,"k":0,"ix":5},"nm":"Ã£ÂÂÃ£ÂÂ©Ã£ÂÂ³Ã£ÂÂ¹Ã£ÂÂÃ£ÂÂ©Ã£ÂÂ¼Ã£ÂÂ "}],"nm":"Ã¦Â¥ÂÃ¥ÂÂÃ¥Â½Â¢ 1 Fill","np":2,"cix":2,"bm":0,"ix":2,"mn":"ADBE Vector Group","hd":false}],"ip":0,"op":3600,"st":0,"bm":0},{"ddd":0,"ind":7,"ty":4,"nm":"Ã¦Â¥ÂÃ¥ÂÂÃ¥Â½Â¢ Ã¥Â·Â¦2","parent":3,"sr":1,"ks":{"o":{"a":0,"k":100,"ix":11},"r":{"a":1,"k":[{"i":{"x":[0.833],"y":[0.833]},"o":{"x":[0.167],"y":[0.167]},"t":50,"s":[0]},{"i":{"x":[0.833],"y":[0.833]},"o":{"x":[0.167],"y":[0.167]},"t":80,"s":[-180]},{"i":{"x":[0.833],"y":[0.833]},"o":{"x":[0.167],"y":[0.167]},"t":115,"s":[-180]},{"t":145,"s":[0]}],"ix":10},"p":{"a":0,"k":[-67.25,0.25,0],"ix":2,"l":2},"a":{"a":0,"k":[-23.25,0.25,0],"ix":1,"l":2},"s":{"a":0,"k":[100,100,100],"ix":6,"l":2}},"ao":0,"shapes":[{"ty":"gr","it":[{"d":1,"ty":"el","s":{"a":0,"k":[20,20],"ix":2},"p":{"a":0,"k":[0,0],"ix":3},"nm":"Ã¦Â¥ÂÃ¥ÂÂÃ¥Â½Â¢Ã£ÂÂÃ£ÂÂ¹ 1","mn":"ADBE Vector Shape - Ellipse","hd":false},{"ty":"st","c":{"a":0,"k":[1,0.5569,0.2275,1],"ix":3},"o":{"a":0,"k":100,"ix":4},"w":{"a":0,"k":1,"ix":5},"lc":1,"lj":1,"ml":4,"bm":0,"nm":"Ã§Â·Â 1","mn":"ADBE Vector Graphic - Stroke","hd":true},{"ty":"op","nm":"Ã£ÂÂÃ£ÂÂ¹Ã£ÂÂ®Ã£ÂÂªÃ£ÂÂÃ£ÂÂ»Ã£ÂÂÃ£ÂÂ 1","a":{"a":0,"k":-0.5,"ix":1},"lj":1,"ml":{"a":0,"k":4,"ix":3},"ix":3,"mn":"ADBE Vector Filter - Offset","hd":false},{"ty":"tr","p":{"a":0,"k":[0,0],"ix":2},"a":{"a":0,"k":[0,0],"ix":1},"s":{"a":0,"k":[100,100],"ix":3},"r":{"a":0,"k":0,"ix":6},"o":{"a":0,"k":100,"ix":7},"sk":{"a":0,"k":0,"ix":4},"sa":{"a":0,"k":0,"ix":5},"nm":"Ã£ÂÂÃ£ÂÂ©Ã£ÂÂ³Ã£ÂÂ¹Ã£ÂÂÃ£ÂÂ©Ã£ÂÂ¼Ã£ÂÂ "}],"nm":"Ã¦Â¥ÂÃ¥ÂÂÃ¥Â½Â¢ 1 Stroke","np":3,"cix":2,"bm":0,"ix":1,"mn":"ADBE Vector Group","hd":false},{"ty":"gr","it":[{"d":1,"ty":"el","s":{"a":0,"k":[20,20],"ix":2},"p":{"a":0,"k":[0,0],"ix":3},"nm":"Ã¦Â¥ÂÃ¥ÂÂÃ¥Â½Â¢Ã£ÂÂÃ£ÂÂ¹ 1","mn":"ADBE Vector Shape - Ellipse","hd":false},{"ty":"fl","c":{"a":0,"k":[1,0.4431,0,1],"ix":4},"o":{"a":0,"k":100,"ix":5},"r":1,"bm":0,"nm":"Ã¥Â¡ÂÃ£ÂÂ 1","mn":"ADBE Vector Graphic - Fill","hd":false},{"ty":"tr","p":{"a":0,"k":[0,0],"ix":2},"a":{"a":0,"k":[0,0],"ix":1},"s":{"a":0,"k":[100,100],"ix":3},"r":{"a":0,"k":0,"ix":6},"o":{"a":0,"k":100,"ix":7},"sk":{"a":0,"k":0,"ix":4},"sa":{"a":0,"k":0,"ix":5},"nm":"Ã£ÂÂÃ£ÂÂ©Ã£ÂÂ³Ã£ÂÂ¹Ã£ÂÂÃ£ÂÂ©Ã£ÂÂ¼Ã£ÂÂ "}],"nm":"Ã¦Â¥ÂÃ¥ÂÂÃ¥Â½Â¢ 1 Fill","np":2,"cix":2,"bm":0,"ix":2,"mn":"ADBE Vector Group","hd":false}],"ip":0,"op":3600,"st":0,"bm":0},{"ddd":0,"ind":8,"ty":4,"nm":"Ã¦Â¥ÂÃ¥ÂÂÃ¥Â½Â¢ Ã¥Â·Â¦","parent":3,"sr":1,"ks":{"o":{"a":0,"k":100,"ix":11},"r":{"a":1,"k":[{"i":{"x":[0.833],"y":[0.833]},"o":{"x":[0.167],"y":[0.167]},"t":60,"s":[0]},{"i":{"x":[0.833],"y":[0.833]},"o":{"x":[0.167],"y":[0.167]},"t":90,"s":[179]},{"i":{"x":[0.833],"y":[0.833]},"o":{"x":[0.167],"y":[0.167]},"t":120,"s":[179]},{"t":150,"s":[0]}],"ix":10},"p":{"a":0,"k":[-43.75,0.75,0],"ix":2,"l":2},"a":{"a":0,"k":[45.25,0.75,0],"ix":1,"l":2},"s":{"a":0,"k":[100,100,100],"ix":6,"l":2}},"ao":0,"shapes":[{"ty":"gr","it":[{"d":1,"ty":"el","s":{"a":0,"k":[20,20],"ix":2},"p":{"a":0,"k":[0,0],"ix":3},"nm":"Ã¦Â¥ÂÃ¥ÂÂÃ¥Â½Â¢Ã£ÂÂÃ£ÂÂ¹ 1","mn":"ADBE Vector Shape - Ellipse","hd":false},{"ty":"st","c":{"a":0,"k":[1,0.5569,0.2275,1],"ix":3},"o":{"a":0,"k":100,"ix":4},"w":{"a":0,"k":1,"ix":5},"lc":1,"lj":1,"ml":4,"bm":0,"nm":"Ã§Â·Â 1","mn":"ADBE Vector Graphic - Stroke","hd":true},{"ty":"op","nm":"Ã£ÂÂÃ£ÂÂ¹Ã£ÂÂ®Ã£ÂÂªÃ£ÂÂÃ£ÂÂ»Ã£ÂÂÃ£ÂÂ 1","a":{"a":0,"k":-0.5,"ix":1},"lj":1,"ml":{"a":0,"k":4,"ix":3},"ix":3,"mn":"ADBE Vector Filter - Offset","hd":false},{"ty":"tr","p":{"a":0,"k":[0,0],"ix":2},"a":{"a":0,"k":[0,0],"ix":1},"s":{"a":0,"k":[100,100],"ix":3},"r":{"a":0,"k":0,"ix":6},"o":{"a":0,"k":100,"ix":7},"sk":{"a":0,"k":0,"ix":4},"sa":{"a":0,"k":0,"ix":5},"nm":"Ã£ÂÂÃ£ÂÂ©Ã£ÂÂ³Ã£ÂÂ¹Ã£ÂÂÃ£ÂÂ©Ã£ÂÂ¼Ã£ÂÂ "}],"nm":"Ã¦Â¥ÂÃ¥ÂÂÃ¥Â½Â¢ 1 Stroke","np":3,"cix":2,"bm":0,"ix":1,"mn":"ADBE Vector Group","hd":false},{"ty":"gr","it":[{"d":1,"ty":"el","s":{"a":0,"k":[20,20],"ix":2},"p":{"a":0,"k":[0,0],"ix":3},"nm":"Ã¦Â¥ÂÃ¥ÂÂÃ¥Â½Â¢Ã£ÂÂÃ£ÂÂ¹ 1","mn":"ADBE Vector Shape - Ellipse","hd":false},{"ty":"fl","c":{"a":0,"k":[1,0.4431,0,1],"ix":4},"o":{"a":0,"k":100,"ix":5},"r":1,"bm":0,"nm":"Ã¥Â¡ÂÃ£ÂÂ 1","mn":"ADBE Vector Graphic - Fill","hd":false},{"ty":"tr","p":{"a":0,"k":[0,0],"ix":2},"a":{"a":0,"k":[0,0],"ix":1},"s":{"a":0,"k":[100,100],"ix":3},"r":{"a":0,"k":0,"ix":6},"o":{"a":0,"k":100,"ix":7},"sk":{"a":0,"k":0,"ix":4},"sa":{"a":0,"k":0,"ix":5},"nm":"Ã£ÂÂÃ£ÂÂ©Ã£ÂÂ³Ã£ÂÂ¹Ã£ÂÂÃ£ÂÂ©Ã£ÂÂ¼Ã£ÂÂ "}],"nm":"Ã¦Â¥ÂÃ¥ÂÂÃ¥Â½Â¢ 1 Fill","np":2,"cix":2,"bm":0,"ix":2,"mn":"ADBE Vector Group","hd":false}],"ip":0,"op":3600,"st":0,"bm":0}],"markers":[],"chars":[{"ch":"L","size":28,"style":"Regular","w":62.2,"data":{"shapes":[{"ty":"gr","it":[{"ind":0,"ty":"sh","ix":1,"ks":{"a":0,"k":{"i":[[0,0],[0,0],[0,0],[0,0],[0,0],[0,0]],"o":[[0,0],[0,0],[0,0],[0,0],[0,0],[0,0]],"v":[[10.4,-72.3],[10.4,0],[56.9,0],[56.9,-9.4],[20.1,-9.4],[20.1,-72.3]],"c":true},"ix":2},"nm":"L","mn":"ADBE Vector Shape - Group","hd":false}],"nm":"L","np":3,"cix":2,"bm":0,"ix":1,"mn":"ADBE Vector Group","hd":false}]},"fFamily":"Josefin Sans"},{"ch":"o","size":28,"style":"Regular","w":54.5,"data":{"shapes":[{"ty":"gr","it":[{"ind":0,"ty":"sh","ix":1,"ks":{"a":0,"k":{"i":[[0,-4.066],[-1.967,-3.333],[-3.467,-1.833],[-4.334,0],[-3.467,1.933],[-1.9,3.367],[0,4.134],[1.9,3.334],[3.433,1.934],[4.4,0],[3.5,-1.933],[1.966,-3.366]],"o":[[0,4.4],[1.966,3.334],[3.466,1.833],[4.466,0],[3.466,-1.933],[1.9,-3.366],[0,-4.133],[-1.9,-3.333],[-3.434,-1.933],[-4.4,0],[-3.5,1.934],[-1.967,3.367]],"v":[[4.5,-21.1],[7.45,-9.5],[15.6,-1.75],[27.3,1],[39.2,-1.9],[47.25,-9.85],[50.1,-21.1],[47.25,-32.3],[39.25,-40.2],[27.5,-43.1],[15.65,-40.2],[7.45,-32.25]],"c":true},"ix":2},"nm":"o","mn":"ADBE Vector Shape - Group","hd":false},{"ind":1,"ty":"sh","ix":2,"ks":{"a":0,"k":{"i":[[0,2.6],[-1.167,2.2],[-2,1.3],[-2.534,0],[-2.534,-2.766],[0,-4.066],[2.533,-2.733],[3.866,0],[2.033,1.267],[1.166,2.2]],"o":[[0,-2.6],[1.166,-2.2],[2,-1.3],[3.866,0],[2.533,2.767],[0,4.067],[-2.534,2.734],[-2.467,0],[-2.034,-1.266],[-1.167,-2.2]],"v":[[13.9,-21],[15.65,-28.2],[20.4,-33.45],[27.2,-35.4],[36.8,-31.25],[40.6,-21],[36.8,-10.8],[27.2,-6.7],[20.45,-8.6],[15.65,-13.8]],"c":true},"ix":2},"nm":"o","mn":"ADBE Vector Shape - Group","hd":false}],"nm":"o","np":5,"cix":2,"bm":0,"ix":1,"mn":"ADBE Vector Group","hd":false}]},"fFamily":"Josefin Sans"},{"ch":"a","size":28,"style":"Regular","w":58.7,"data":{"shapes":[{"ty":"gr","it":[{"ind":0,"ty":"sh","ix":1,"ks":{"a":0,"k":{"i":[[0,0],[0,0],[2.6,1.534],[3.533,0],[3.233,-1.833],[1.9,-3.366],[0,-4.533],[-1.834,-3.266],[-3.167,-1.7],[-3.934,0],[-2.8,1.633],[-1.467,1.934],[0,0],[0,0],[0,0]],"o":[[0,0],[-1.6,-2.466],[-2.6,-1.533],[-3.934,0],[-3.234,1.834],[-1.9,3.367],[0,4.534],[1.833,3.267],[3.166,1.7],[3.533,0],[2.8,-1.633],[0,0],[0,0],[0,0],[0,0]],"v":[[42,-41.4],[41.3,-34.8],[35,-40.8],[25.8,-43.1],[15.05,-40.35],[7.35,-32.55],[4.5,-20.7],[7.25,-9],[14.75,-1.55],[25.4,1],[34.9,-1.45],[41.3,-6.8],[41.3,0],[50.6,0],[50.6,-41.4]],"c":true},"ix":2},"nm":"a","mn":"ADBE Vector Shape - Group","hd":false},{"ind":1,"ty":"sh","ix":2,"ks":{"a":0,"k":{"i":[[3.4,0],[2.133,1.3],[1.266,2.2],[0,2.667],[-1.234,2.167],[-2.1,1.2],[-2.467,0],[-2.534,-1.833],[-0.8,-2.933],[0,0],[2.433,-1.9]],"o":[[-2.534,0],[-2.134,-1.3],[-1.267,-2.2],[0,-2.733],[1.233,-2.166],[2.1,-1.2],[3.266,0],[2.533,1.834],[0,0],[-0.667,3.267],[-2.434,1.9]],"v":[[27.9,-6.7],[20.9,-8.65],[15.8,-13.9],[13.9,-21.2],[15.75,-28.55],[20.75,-33.6],[27.6,-35.4],[36.3,-32.65],[41.3,-25.5],[41.3,-17.3],[36.65,-9.55]],"c":true},"ix":2},"nm":"a","mn":"ADBE Vector Shape - Group","hd":false}],"nm":"a","np":5,"cix":2,"bm":0,"ix":1,"mn":"ADBE Vector Group","hd":false}]},"fFamily":"Josefin Sans"},{"ch":"d","size":28,"style":"Regular","w":59.3,"data":{"shapes":[{"ty":"gr","it":[{"ind":0,"ty":"sh","ix":1,"ks":{"a":0,"k":{"i":[[0,0],[0,0],[2.9,1.3],[3.133,0],[3.266,-1.733],[1.866,-3.3],[0,-4.466],[-1.767,-3.366],[-3.134,-1.866],[-3.867,0],[-2.9,1.333],[-2,2.334],[0,0],[0,0],[0,0]],"o":[[0,0],[-1.667,-2.266],[-2.9,-1.3],[-4.134,0],[-3.267,1.734],[-1.867,3.3],[0,4.4],[1.766,3.367],[3.133,1.866],[3.466,0],[2.9,-1.333],[0,0],[0,0],[0,0],[0,0]],"v":[[42,-77.5],[42,-35.8],[35.15,-41.15],[26.1,-43.1],[15,-40.5],[7.3,-32.95],[4.5,-21.3],[7.15,-9.65],[14.5,-1.8],[25,1],[34.55,-1],[41.9,-6.5],[41.9,0],[51.3,0],[51.3,-77.5]],"c":true},"ix":2},"nm":"d","mn":"ADBE Vector Shape - Group","hd":false},{"ind":1,"ty":"sh","ix":2,"ks":{"a":0,"k":{"i":[[3.6,0],[2.133,1.267],[1.266,2.2],[0,2.667],[-1.267,2.167],[-2.134,1.234],[-2.534,0],[-2.6,-1.9],[-0.8,-3],[0,0],[2.5,-1.933]],"o":[[-2.534,0],[-2.134,-1.266],[-1.267,-2.2],[0,-2.733],[1.266,-2.166],[2.133,-1.233],[3.333,0],[2.6,1.9],[0,0],[-0.734,3.267],[-2.5,1.934]],"v":[[27.9,-7],[20.9,-8.9],[15.8,-14.1],[13.9,-21.4],[15.8,-28.75],[20.9,-33.85],[27.9,-35.7],[36.8,-32.85],[41.9,-25.5],[41.9,-17.7],[37.05,-9.9]],"c":true},"ix":2},"nm":"d","mn":"ADBE Vector Shape - Group","hd":false}],"nm":"d","np":5,"cix":2,"bm":0,"ix":1,"mn":"ADBE Vector Group","hd":false}]},"fFamily":"Josefin Sans"},{"ch":"i","size":28,"style":"Regular","w":25.5,"data":{"shapes":[{"ty":"gr","it":[{"ind":0,"ty":"sh","ix":1,"ks":{"a":0,"k":{"i":[[0,0],[0,0],[0,0],[0,0]],"o":[[0,0],[0,0],[0,0],[0,0]],"v":[[8.1,-41.4],[8.1,0],[17.4,0],[17.4,-41.4]],"c":true},"ix":2},"nm":"i","mn":"ADBE Vector Shape - Group","hd":false},{"ind":1,"ty":"sh","ix":2,"ks":{"a":0,"k":{"i":[[0,-1.466],[-1.134,-1],[-1.467,0],[-1.1,1],[0,1.467],[1.1,1],[1.466,0],[1.133,-1]],"o":[[0,1.467],[1.133,1],[1.466,0],[1.1,-1],[0,-1.466],[-1.1,-1],[-1.467,0],[-1.134,1]],"v":[[7.4,-56.3],[9.1,-52.6],[13,-51.1],[16.85,-52.6],[18.5,-56.3],[16.85,-60],[13,-61.5],[9.1,-60]],"c":true},"ix":2},"nm":"i","mn":"ADBE Vector Shape - Group","hd":false}],"nm":"i","np":5,"cix":2,"bm":0,"ix":1,"mn":"ADBE Vector Group","hd":false}]},"fFamily":"Josefin Sans"},{"ch":"n","size":28,"style":"Regular","w":55.3,"data":{"shapes":[{"ty":"gr","it":[{"ind":0,"ty":"sh","ix":1,"ks":{"a":0,"k":{"i":[[3.866,0],[2.933,-1.7],[1.466,-3],[0,0],[0,0],[0,0],[0,0],[0,0],[-2.4,2.934],[-3.667,0],[-1.267,-1.333],[-0.134,-2.333],[0,0],[0,0],[0,0],[2.533,2.3]],"o":[[-3.8,0],[-2.934,1.7],[0,0],[0,0],[0,0],[0,0],[0,0],[0,-4.533],[2.4,-2.933],[2.533,0.067],[1.266,1.334],[0,0],[0,0],[0,0],[-0.067,-3.666],[-2.534,-2.3]],"v":[[33.8,-43],[23.7,-40.45],[17.1,-33.4],[16.5,-41.4],[8.1,-41.4],[8.1,0],[17.4,0],[17.4,-19.4],[21,-30.6],[30.1,-35],[35.8,-32.9],[37.9,-27.4],[37.9,0],[47.3,0],[47.3,-30.6],[43.4,-39.55]],"c":true},"ix":2},"nm":"n","mn":"ADBE Vector Shape - Group","hd":false}],"nm":"n","np":3,"cix":2,"bm":0,"ix":1,"mn":"ADBE Vector Group","hd":false}]},"fFamily":"Josefin Sans"},{"ch":"g","size":28,"style":"Regular","w":59.9,"data":{"shapes":[{"ty":"gr","it":[{"ind":0,"ty":"sh","ix":1,"ks":{"a":0,"k":{"i":[[0,0],[0,0],[3,1.4],[3.533,0],[3.333,-1.933],[1.966,-3.366],[0,-4.2],[-1.9,-3.333],[-3.2,-1.933],[-3.8,0],[-2.967,1.566],[-1.534,2.6],[0,0],[2.5,-2.2],[4.6,0],[2.266,1.1],[2.266,2.133],[0,0],[-3.034,-1.4],[-4.2,0],[-3.567,1.8],[-1.934,3.066],[0,3.8],[0,0]],"o":[[0,0],[-1.467,-2.2],[-3,-1.4],[-3.8,0],[-3.334,1.934],[-1.967,3.367],[0,4.067],[1.9,3.334],[3.2,1.933],[3.866,0],[2.966,-1.566],[0,0],[-0.067,3.733],[-2.5,2.2],[-2.734,0],[-2.267,-1.1],[0,0],[3.066,2.733],[3.033,1.4],[4.8,0],[3.566,-1.8],[1.933,-3.067],[0,0],[0,0]],"v":[[43.3,-41.4],[42.6,-35.6],[35.9,-41],[26.1,-43.1],[15.4,-40.2],[7.45,-32.25],[4.5,-20.9],[7.35,-9.8],[15,-1.9],[25.5,1],[35.75,-1.35],[42.5,-7.6],[42.4,0.2],[38.55,9.1],[27.9,12.4],[20.4,10.75],[13.6,5.9],[8.1,12.3],[17.25,18.5],[28.1,20.6],[40.65,17.9],[48.9,10.6],[51.8,0.3],[51.8,-41.4]],"c":true},"ix":2},"nm":"g","mn":"ADBE Vector Shape - Group","hd":false},{"ind":1,"ty":"sh","ix":2,"ks":{"a":0,"k":{"i":[[3.533,0],[2.2,1.3],[1.266,2.2],[0,2.667],[-2.734,2.667],[-4.067,0],[-2.6,-1.833],[-0.934,-3],[0,0],[2.6,-1.933]],"o":[[-2.6,0],[-2.2,-1.3],[-1.267,-2.2],[0,-4.133],[2.733,-2.666],[3.4,0],[2.6,1.834],[0,0],[-0.8,3.134],[-2.6,1.934]],"v":[[28.2,-6.7],[21,-8.65],[15.8,-13.9],[13.9,-21.2],[18,-31.4],[28.2,-35.4],[37.2,-32.65],[42.5,-25.4],[42.5,-17.2],[37.4,-9.6]],"c":true},"ix":2},"nm":"g","mn":"ADBE Vector Shape - Group","hd":false}],"nm":"g","np":5,"cix":2,"bm":0,"ix":1,"mn":"ADBE Vector Group","hd":false}]},"fFamily":"Josefin Sans"}]}